{
  "epoch": 20,
  "mae": 0.10632486175745726,
  "psnr": 21.581137439367886,
  "ssim": 0.6750985607504845,
  "n_slices": 8
}