{
  "epoch": 10,
  "mae": 0.11477799247950315,
  "psnr": 21.097917205228526,
  "ssim": 0.6541892290115356,
  "n_slices": 8
}