{
  "epoch": 5,
  "mae": 0.12140185292810202,
  "psnr": 20.76862474572054,
  "ssim": 0.5616251677274704,
  "n_slices": 8
}