{
  "epoch": 15,
  "mae": 0.1091955853626132,
  "psnr": 21.286000935471513,
  "ssim": 0.6167329326272011,
  "n_slices": 8
}